﻿Event Index;UTC Timestamp;UTC Date;Local Timestamp;Local Timezone;Local Date;Experiment ID;Experiment Version;Tree Node Key;Repeat Key;Schedule ID;Participant Public ID;Participant Private ID;Participant Starting Group;Participant Status;Participant Completion Code;Participant External Session ID;Participant Device Type;Participant Device;Participant OS;Participant Browser;Participant Monitor Size;Participant Viewport Size;Checkpoint;Task Name;Task Version;counterbalance-9qvq;checkpoint-ngg1;checkpoint-nubw;checkpoint-t5ey;Question Key;Response
1;1589786859604;18/05/2020 07:27:39;1589786858891;2;18/05/2020 09:27:38;17326;8;questionnaire-jysk;;4994446;BLIND;1414591;;complete;ifjiel;;computer;Desktop or Laptop;Mac OS 10.15.4;Safari 13.1;1440x900;1440x812;demographics done;StartAndConsent;6;BRAC2_vertLA_1st300;Consents given;exp done;demographics done;BEGIN QUESTIONNAIRE;
2;1589786905174;18/05/2020 07:28:25;1589786904499;2;18/05/2020 09:28:24;17326;8;questionnaire-jysk;;4994446;BLIND;1414591;;complete;ifjiel;;computer;Desktop or Laptop;Mac OS 10.15.4;Safari 13.1;1440x900;1440x812;demographics done;StartAndConsent;6;BRAC2_vertLA_1st300;Consents given;exp done;demographics done;ConsentFlag;1
3;1589786905284;18/05/2020 07:28:25;1589786904500;2;18/05/2020 09:28:24;17326;8;questionnaire-jysk;;4994446;BLIND;1414591;;complete;ifjiel;;computer;Desktop or Laptop;Mac OS 10.15.4;Safari 13.1;1440x900;1440x812;demographics done;StartAndConsent;6;BRAC2_vertLA_1st300;Consents given;exp done;demographics done;END QUESTIONNAIRE;45609
END OF FILE
