﻿Event Index;UTC Timestamp;UTC Date;Local Timestamp;Local Timezone;Local Date;Experiment ID;Experiment Version;Tree Node Key;Repeat Key;Schedule ID;Participant Public ID;Participant Private ID;Participant Starting Group;Participant Status;Participant Completion Code;Participant External Session ID;Participant Device Type;Participant Device;Participant OS;Participant Browser;Participant Monitor Size;Participant Viewport Size;Checkpoint;Task Name;Task Version;counterbalance-9qvq;checkpoint-ngg1;checkpoint-nubw;checkpoint-t5ey;Question Key;Response
1;1589786906832;18/05/2020 07:28:26;1589786906114;2;18/05/2020 09:28:26;17326;8;questionnaire-ppea;;4994477;BLIND;1414591;;complete;ifjiel;;computer;Desktop or Laptop;Mac OS 10.15.4;Safari 13.1;1440x900;1440x812;demographics done;DataConsent;2;BRAC2_vertLA_1st300;Consents given;exp done;demographics done;BEGIN QUESTIONNAIRE;
2;1589786909592;18/05/2020 07:28:29;1589786908935;2;18/05/2020 09:28:28;17326;8;questionnaire-ppea;;4994477;BLIND;1414591;;complete;ifjiel;;computer;Desktop or Laptop;Mac OS 10.15.4;Safari 13.1;1440x900;1440x812;demographics done;DataConsent;2;BRAC2_vertLA_1st300;Consents given;exp done;demographics done;datatConsent;1
3;1589786909686;18/05/2020 07:28:29;1589786908936;2;18/05/2020 09:28:28;17326;8;questionnaire-ppea;;4994477;BLIND;1414591;;complete;ifjiel;;computer;Desktop or Laptop;Mac OS 10.15.4;Safari 13.1;1440x900;1440x812;demographics done;DataConsent;2;BRAC2_vertLA_1st300;Consents given;exp done;demographics done;END QUESTIONNAIRE;2822
END OF FILE
