﻿Event Index;UTC Timestamp;UTC Date;Local Timestamp;Local Timezone;Local Date;Experiment ID;Experiment Version;Tree Node Key;Repeat Key;Schedule ID;Participant Public ID;Participant Private ID;Participant Starting Group;Participant Status;Participant Completion Code;Participant External Session ID;Participant Device Type;Participant Device;Participant OS;Participant Browser;Participant Monitor Size;Participant Viewport Size;Checkpoint;Task Name;Task Version;counterbalance-9qvq;checkpoint-ngg1;checkpoint-nubw;checkpoint-t5ey;Question Key;Response
1;1589788078684;18/05/2020 07:47:58;1589788078593;2;18/05/2020 09:47:58;17326;8;questionnaire-89vf;;4996161;BLIND;1414591;;complete;ifjiel;;computer;Desktop or Laptop;Mac OS 10.15.4;Safari 13.1;1440x900;1440x812;demographics done;demographic;2;BRAC2_vertLA_1st300;Consents given;exp done;demographics done;BEGIN QUESTIONNAIRE;
2;1589788124146;18/05/2020 07:48:44;1589788124096;2;18/05/2020 09:48:44;17326;8;questionnaire-89vf;;4996161;BLIND;1414591;;complete;ifjiel;;computer;Desktop or Laptop;Mac OS 10.15.4;Safari 13.1;1440x900;1440x812;demographics done;demographic;2;BRAC2_vertLA_1st300;Consents given;exp done;demographics done;sex;female
3;1589788124209;18/05/2020 07:48:44;1589788124097;2;18/05/2020 09:48:44;17326;8;questionnaire-89vf;;4996161;BLIND;1414591;;complete;ifjiel;;computer;Desktop or Laptop;Mac OS 10.15.4;Safari 13.1;1440x900;1440x812;demographics done;demographic;2;BRAC2_vertLA_1st300;Consents given;exp done;demographics done;sex-quantised;2
4;1589788124209;18/05/2020 07:48:44;1589788124098;2;18/05/2020 09:48:44;17326;8;questionnaire-89vf;;4996161;BLIND;1414591;;complete;ifjiel;;computer;Desktop or Laptop;Mac OS 10.15.4;Safari 13.1;1440x900;1440x812;demographics done;demographic;2;BRAC2_vertLA_1st300;Consents given;exp done;demographics done;age;24
5;1589788124209;18/05/2020 07:48:44;1589788124098;2;18/05/2020 09:48:44;17326;8;questionnaire-89vf;;4996161;BLIND;1414591;;complete;ifjiel;;computer;Desktop or Laptop;Mac OS 10.15.4;Safari 13.1;1440x900;1440x812;demographics done;demographic;2;BRAC2_vertLA_1st300;Consents given;exp done;demographics done;response-2;right-handed
6;1589788124209;18/05/2020 07:48:44;1589788124098;2;18/05/2020 09:48:44;17326;8;questionnaire-89vf;;4996161;BLIND;1414591;;complete;ifjiel;;computer;Desktop or Laptop;Mac OS 10.15.4;Safari 13.1;1440x900;1440x812;demographics done;demographic;2;BRAC2_vertLA_1st300;Consents given;exp done;demographics done;response-2-quantised;1
7;1589788124209;18/05/2020 07:48:44;1589788124098;2;18/05/2020 09:48:44;17326;8;questionnaire-89vf;;4996161;BLIND;1414591;;complete;ifjiel;;computer;Desktop or Laptop;Mac OS 10.15.4;Safari 13.1;1440x900;1440x812;demographics done;demographic;2;BRAC2_vertLA_1st300;Consents given;exp done;demographics done;response-3;German
8;1589788124209;18/05/2020 07:48:44;1589788124098;2;18/05/2020 09:48:44;17326;8;questionnaire-89vf;;4996161;BLIND;1414591;;complete;ifjiel;;computer;Desktop or Laptop;Mac OS 10.15.4;Safari 13.1;1440x900;1440x812;demographics done;demographic;2;BRAC2_vertLA_1st300;Consents given;exp done;demographics done;END QUESTIONNAIRE;45505
9;1589788124209;18/05/2020 07:48:44;1589788124098;2;18/05/2020 09:48:44;17326;8;questionnaire-89vf;;4996161;BLIND;1414591;;complete;ifjiel;;computer;Desktop or Laptop;Mac OS 10.15.4;Safari 13.1;1440x900;1440x812;demographics done;demographic;2;BRAC2_vertLA_1st300;Consents given;exp done;demographics done;education;Some university/higher education but no degree
10;1589788124209;18/05/2020 07:48:44;1589788124098;2;18/05/2020 09:48:44;17326;8;questionnaire-89vf;;4996161;BLIND;1414591;;complete;ifjiel;;computer;Desktop or Laptop;Mac OS 10.15.4;Safari 13.1;1440x900;1440x812;demographics done;demographic;2;BRAC2_vertLA_1st300;Consents given;exp done;demographics done;education-quantised;4
11;1589788124209;18/05/2020 07:48:44;1589788124098;2;18/05/2020 09:48:44;17326;8;questionnaire-89vf;;4996161;BLIND;1414591;;complete;ifjiel;;computer;Desktop or Laptop;Mac OS 10.15.4;Safari 13.1;1440x900;1440x812;demographics done;demographic;2;BRAC2_vertLA_1st300;Consents given;exp done;demographics done;psyKnowledge;I've studied at least one of these disciplines (school or university)
12;1589788124209;18/05/2020 07:48:44;1589788124098;2;18/05/2020 09:48:44;17326;8;questionnaire-89vf;;4996161;BLIND;1414591;;complete;ifjiel;;computer;Desktop or Laptop;Mac OS 10.15.4;Safari 13.1;1440x900;1440x812;demographics done;demographic;2;BRAC2_vertLA_1st300;Consents given;exp done;demographics done;psyKnowledge-quantised;3
13;1589788124209;18/05/2020 07:48:44;1589788124098;2;18/05/2020 09:48:44;17326;8;questionnaire-89vf;;4996161;BLIND;1414591;;complete;ifjiel;;computer;Desktop or Laptop;Mac OS 10.15.4;Safari 13.1;1440x900;1440x812;demographics done;demographic;2;BRAC2_vertLA_1st300;Consents given;exp done;demographics done;comment;
14;1589788124209;18/05/2020 07:48:44;1589788124098;2;18/05/2020 09:48:44;17326;8;questionnaire-89vf;;4996161;BLIND;1414591;;complete;ifjiel;;computer;Desktop or Laptop;Mac OS 10.15.4;Safari 13.1;1440x900;1440x812;demographics done;demographic;2;BRAC2_vertLA_1st300;Consents given;exp done;demographics done;country;Germany
END OF FILE
